{"R": 129.3979795036025, "G": 107.88386176625372, "B": 98.69292435276019}