{"R": 130.75564373415168, "G": 111.45234205053576, "B": 102.57065667183981}